{
  "accuracy": [
    0.45468589663505554,
    0.6050463318824768,
    0.6452111005783081,
    0.6591143012046814,
    0.6714727282524109,
    0.705973207950592,
    0.7100926637649536,
    0.7224510908126831,
    0.7420185208320618,
    0.7723996043205261,
    0.770339846611023,
    0.7986611723899841
  ],
  "loss": [
    1.6009390354156494,
    0.8839516639709473,
    0.7967782616615295,
    0.7051377296447754,
    0.715502142906189,
    0.6556432843208313,
    0.6549939513206482,
    0.6124555468559265,
    0.5821267366409302,
    0.5365217924118042,
    0.5111064910888672,
    0.4822760820388794
  ],
  "val_accuracy": [
    0.5893271565437317,
    0.6055684685707092,
    0.5661252737045288,
    0.6821345686912537,
    0.6798143982887268,
    0.6658932566642761,
    0.7378190159797668,
    0.7192575335502625,
    0.7285382747650146,
    0.7540603280067444,
    0.7494199275970459,
    0.7517401576042175
  ],
  "val_loss": [
    0.8526832461357117,
    0.8158230781555176,
    0.7871082425117493,
    0.7327091097831726,
    0.6815168261528015,
    0.7104066610336304,
    0.615351140499115,
    0.6446926593780518,
    0.6046574711799622,
    0.5843262076377869,
    0.5898644328117371,
    0.6796019077301025
  ]
}