{
  "accuracy": [
    0.40370750427246094,
    0.5947476625442505,
    0.610710620880127,
    0.6503604650497437,
    0.6817713975906372
  ],
  "loss": [
    2.0094761848449707,
    0.8570454716682434,
    0.7958648204803467,
    0.758736252784729,
    0.7018812298774719
  ],
  "val_accuracy": [
    0.5243619680404663,
    0.6867749691009521,
    0.621809720993042,
    0.6519721746444702,
    0.6751739978790283
  ],
  "val_loss": [
    0.9230841398239136,
    0.7290453314781189,
    0.7618772387504578,
    0.7397395968437195,
    0.7388468384742737
  ]
}