,precision,recall,f1-score,support
crack,0.7333333333333333,0.6255924170616114,0.6751918158567775,211.0
missing-head,0.7824074074074074,0.845,0.8125,200.0
paint-off,0.6643356643356644,0.7421875,0.7011070110701108,128.0
accuracy,0.7346938775510204,0.7346938775510204,0.7346938775510204,0.7346938775510204
macro avg,0.7266921350254684,0.7375933056872038,0.7295996089756294,539.0
weighted avg,0.7351572910014469,0.7346938775510204,0.7322953071665198,539.0
